{"0": 21.154015480801167, "1": 20.83226463992609, "2": 21.062293441067908, "3": 20.905296517515783, "4": 21.327244055997408, "5": 21.547227742170254, "6": 21.32104539231633, "7": 21.029810202831936, "8": 21.05272445759604, "9": 21.357786088283763, "10": 21.32677209798498, "11": 20.879222495532385, "12": 21.328492857262294, "13": 21.32436897001526, "14": 21.485589876436922, "15": 21.351443940373517, "16": 21.26542190330428, "17": 21.333132487397815, "18": 21.345175009176774, "19": 21.24458578047395, "20": 21.320240227396102, "21": 21.392357114620808, "22": 21.352498445380803, "23": 21.441371548220346, "24": 21.91807963617037, "25": 21.62151480926115, "26": 21.87572882280389, "27": 21.520268478117153, "28": 21.898778382185874, "29": 21.396124532788267, "30": 21.437433200360754, "31": 21.562395402817046, "32": 21.494877373666522, "33": 21.736464899642673, "34": 21.681234125200785, "35": 22.030103825519284, "36": 21.510071390180844, "37": 21.71131671810791, "38": 22.0844688342029, "39": 21.79754790063575, "40": 21.820681035873957, "41": 22.24172322126791, "42": 21.99458150137811, "43": 21.933195736134106, "44": 22.051184354583793, "45": 22.127163940830062, "46": 22.293549226005723, "47": 22.013773068466882, "48": 22.126097525226072, "49": 22.446378308005645, "50": 22.762383099715773, "51": 22.355916918533858, "52": 22.67856595386727, "53": 22.675973038700192, "54": 22.280912431449988, "55": 22.725223802802777, "56": 22.922030924335456, "57": 22.535211168588305, "58": 22.445779920970296, "59": 22.6808560185867, "60": 22.46780137260926, "61": 22.707840021442188, "62": 22.850790232777403, "63": 22.78999194298758, "64": 22.59758785791309, "65": 22.752268801391295, "66": 23.03365007965181, "67": 23.180332977049478, "68": 22.86074052790545, "69": 23.115600026864833, "70": 23.215147311178708, "71": 23.278037147477374, "72": 23.18736867598927, "73": 23.6145759576308, "74": 23.316120813567927, "75": 23.671823895979024, "76": 23.94848037269928, "77": 23.25817281990844, "78": 23.577971766152512, "79": 23.875229745711813, "80": 23.75940342854925, "81": 23.882123192414436, "82": 23.755016806224873, "83": 24.29040805703517, "84": 24.222626026914288, "85": 24.26049513650038, "86": 24.391331496854153, "87": 24.513761800139985, "88": 24.389955837858523, "89": 24.531386377411035, "90": 24.612615955435526, "91": 24.532835969168204, "92": 25.035561093133122, "93": 24.703752466148494, "94": 24.669186904558174, "95": 24.78420247881525, "96": 24.878686296115585, "97": 24.779995602641986, "98": 25.29223298223464, "99": 25.293373406165134, "100": 25.215458947213392, "101": 25.08983890327233, "102": 25.291345800344416, "103": 25.656849869496725, "104": 25.64274015449155, "105": 25.79170950437233, "106": 25.66462267566326, "107": 26.065325510651956, "108": 25.973475009207903, "109": 26.018454433838944, "110": 26.388156121308654, "111": 26.298168666676546, "112": 26.43481946996383, "113": 26.495927603314108, "114": 26.43941858114916, "115": 26.48793844642206, "116": 26.916855446979955, "117": 26.84441573325038, "118": 26.625103383065966, "119": 27.06425090046157, "120": 27.085234848732508, "121": 27.02254978901936, "122": 27.138854022640135, "123": 26.88521283938914, "124": 27.204029437385866, "125": 27.02018614387962, "126": 27.016467294988068, "127": 26.94900525811097, "128": 27.074190355303745, "129": 27.108532114444397, "130": 27.320434094511022, "131": 27.173633731536736, "132": 27.208968910317648, "133": 27.06785343895111, "134": 27.257884831953323, "135": 27.130415880541992, "136": 27.276709805931127, "137": 27.251499673642382, "138": 27.079640671147754, "139": 27.336718040861694, "140": 27.202176067635897, "141": 27.378803145339077, "142": 27.33620492550582, "143": 27.266456071342013, "144": 27.206090588476233, "145": 27.24694180946592, "146": 27.262893030328613, "147": 27.37424795726386, "148": 27.231500579084976, "149": 27.457965264633007, "150": 27.383264106855528, "151": 27.411500802362628, "152": 27.38527489579776, "153": 27.52192025073505, "154": 27.44819086726485, "155": 27.456266640794777, "156": 27.614910679463595, "157": 27.723805030225765, "158": 27.387278280695405, "159": 27.617176707070143, "160": 27.729692706709013, "161": 27.44286762945989, "162": 27.69146764417946, "163": 27.59504344948789, "164": 27.772229058987215, "165": 27.776916642973045, "166": 27.767093055953378, "167": 27.80504720214054, "168": 27.697502821921198, "169": 27.86076624431606, "170": 27.65011736831188, "171": 27.8849267110476, "172": 27.896334587633667, "173": 27.941899562147455, "174": 28.00402825594329, "175": 27.7717879059904, "176": 27.810791185912056, "177": 28.012812188341115, "178": 28.069594233204832, "179": 28.061006557220395}