{"0": 20.888713701601556, "1": 21.480468004708182, "2": 21.033622839424332, "3": 21.16563859929223, "4": 20.72132468489575, "5": 21.023272105717222, "6": 21.212478007338106, "7": 20.994484618158037, "8": 21.069167825653004, "9": 21.214807024127126, "10": 20.979357145769093, "11": 20.93105317885295, "12": 21.210074621321372, "13": 21.316394057382915, "14": 21.365167558089, "15": 21.283142606569793, "16": 21.40820736882119, "17": 21.10968200189147, "18": 21.65008418403069, "19": 21.103342795299167, "20": 21.57645439257616, "21": 21.28712617762918, "22": 21.535072773712876, "23": 21.39110424886295, "24": 21.625262980183816, "25": 21.473835971157765, "26": 21.35006744372322, "27": 21.720656899230853, "28": 21.73300999282586, "29": 21.560655917828107, "30": 21.613164674025082, "31": 21.514129388627165, "32": 21.855246130222813, "33": 21.46732032796513, "34": 21.72764331522711, "35": 22.09978818486529, "36": 21.8243185179375, "37": 21.77117652128054, "38": 21.581629900789665, "39": 21.731029468216246, "40": 21.910758637417963, "41": 21.73553556702532, "42": 21.985134510402073, "43": 22.38696469050708, "44": 22.17655986987221, "45": 21.91220283687515, "46": 21.938705812444166, "47": 22.084792362835362, "48": 21.850310071282795, "49": 22.026996261877116, "50": 22.542982662216133, "51": 22.242775256612184, "52": 22.667862329605892, "53": 22.2934086804386, "54": 22.492129258212902, "55": 22.495331786455058, "56": 22.633678501966408, "57": 22.783173951756808, "58": 23.055819816231704, "59": 22.827080749950756, "60": 22.687402176990332, "61": 22.657891575963557, "62": 22.690070248467638, "63": 22.589755269558562, "64": 22.801750091702942, "65": 22.890510844738237, "66": 23.172706121354295, "67": 22.85013290671584, "68": 23.03089253446922, "69": 23.37904170925401, "70": 23.15258698347067, "71": 23.183850468161996, "72": 23.06775666060906, "73": 23.52586364092068, "74": 23.04927057587847, "75": 23.337842934425826, "76": 23.457168780467626, "77": 23.5375316124459, "78": 23.467132591577755, "79": 23.73490667843524, "80": 23.50307152071168, "81": 23.905236591213185, "82": 24.07968279805743, "83": 23.792841228611778, "84": 24.12274698244187, "85": 24.151095098746968, "86": 23.635064199039657, "87": 24.37092752016688, "88": 24.434822859297757, "89": 24.385228060030606, "90": 24.462322229656724, "91": 24.68876057143027, "92": 24.94116265153758, "93": 24.5996981231431, "94": 24.571533597767235, "95": 24.972844447836675, "96": 25.113535009338687, "97": 25.073947072913548, "98": 25.402611771217554, "99": 25.542684873931403, "100": 25.325663403540993, "101": 25.192505595506148, "102": 25.52208815221635, "103": 25.275959919511653, "104": 25.62360373074835, "105": 25.654882509367, "106": 25.984405473821866, "107": 26.081414901594957, "108": 25.818705837130707, "109": 26.094651207795863, "110": 26.464469428734038, "111": 26.348465701158425, "112": 26.45221625686796, "113": 26.80492486188038, "114": 26.98275929907092, "115": 26.95328838821919, "116": 27.455084017913187, "117": 27.165909957948116, "118": 27.13229720553111, "119": 27.1056398605183, "120": 26.893266832712435, "121": 26.928018504259366, "122": 27.052743185947396, "123": 27.048903351811248, "124": 26.99768079019683, "125": 27.160558935379044, "126": 27.02576761638769, "127": 27.128293184172495, "128": 26.94301842877292, "129": 27.055883332044374, "130": 27.06378334491055, "131": 27.123854971389363, "132": 27.264669201825374, "133": 27.064480214201282, "134": 27.16120239076338, "135": 27.161695756818354, "136": 27.186457257525934, "137": 27.156591237026046, "138": 26.995188382262388, "139": 27.182798785077008, "140": 27.29824196259916, "141": 27.28761468248395, "142": 27.088094089207416, "143": 27.294415243713182, "144": 27.18338439453331, "145": 27.292142038431475, "146": 27.301769087042445, "147": 27.494217981698796, "148": 27.392986653208126, "149": 27.51879327579868, "150": 27.4835762300146, "151": 27.380525316049685, "152": 27.53228272221352, "153": 27.454610649280006, "154": 27.548592166113483, "155": 27.55174571470129, "156": 27.535233501365685, "157": 27.446078950995165, "158": 27.475138600074725, "159": 27.630393067799474, "160": 27.582905528567856, "161": 27.54239092475027, "162": 27.717347631161644, "163": 27.74567663820169, "164": 27.564085991369932, "165": 27.698762712690026, "166": 27.74085655584932, "167": 27.680713062550232, "168": 27.649782001013364, "169": 27.793014445719443, "170": 27.881884838693438, "171": 27.863909694893636, "172": 27.867895782506363, "173": 27.924904473712512, "174": 27.917709395618168, "175": 27.831061102916554, "176": 27.872085739975375, "177": 27.946889875534463, "178": 27.870793251467074, "179": 28.087436116792468}